nm_local_votacao;latitude;longitude
CAMPUS CARLOTA KEMPER;-21.241272;-44.997993
E, M, PROFESSOR JOSE LUIZ DE MESQUITA;-21.21273;-44.995053
E, M, PROFESSOR ÉDIO DO NASCIMENTO BIRINDIBA;-21.300295;-44.930326
ESCOLA ESTADUAL CINIRA DE CARVALHO;-21.264261;-44.99316
ESCOLA ESTADUAL CRISTIANO DE SOUZA;-21.237712;-44.990107
ESCOLA MUNICIPAL PADRE DEHON;-21.227222;-45.004061
ESCOLA MUNICIPAL PAULO LOURENCO MENICUCCI;-21.249882;-45.024628
ESCOLA MUNICIPAL UMBELINA AZEVEDO AVELLAR;-21.252872;-44.987039
ESCOLA MUNICIPAL  ALVARO BOTELHO;-21.233452;-44.99806
INSTITUTO GAMMON;-21.230346;-44.996612
UNILAVRAS;-21.24606;-44.994278
ESCOLA ESTADUAL TIRADENTES;-21.258926;-44.994619
CAIC - ESCOLA MUNICIPAL ITALIA CAUTIERO FRANCO;-21.235692;-45.010503
COLEGIO TIRADENTES;-21.259214;-44.994893
COLEGIO NOSSA SENHORA DE LOURDES;-21.237792;-44.997928
