cd_municipio;nm_municipio;nr_zona;nr_local_votacao;nm_local_votacao;ds_local_votacao_endereco;nr_votavel;nm_votavel;sq_candidato;qt_aptos;qt_comparecimento;qt_votos_nominais;qt_votos
47635.0;LAVRAS;160.0;1015.0;ESCOLA MUNICIPAL DOUTORA DAMINA;RUA PEDRO MOURA 269;13;LUIZ INÁCIO LULA DA SILVA;2,80E+11;3351;2506;2371;915
47635.0;LAVRAS;160.0;1015.0;ESCOLA MUNICIPAL DOUTORA DAMINA;RUA PEDRO MOURA 269;14;RENAN ANTONIO FERREIRA DOS SANTOS;2,80E+11;3351;2506;2371;48
47635.0;LAVRAS;160.0;1015.0;ESCOLA MUNICIPAL DOUTORA DAMINA;RUA PEDRO MOURA 269;16;HERTZ DA CONCEICAO DIAS;2,80E+11;670;502;470;2
47635.0;LAVRAS;160.0;1015.0;ESCOLA MUNICIPAL DOUTORA DAMINA;RUA PEDRO MOURA 269;21;EDMILSON SILVA COSTA;2,80E+11;333;254;245;1
47635.0;LAVRAS;160.0;1015.0;ESCOLA MUNICIPAL DOUTORA DAMINA;RUA PEDRO MOURA 269;22;FLAVIO NANTES BOLSONARO;2,80E+11;3351;2506;2371;1258
47635.0;LAVRAS;160.0;1015.0;ESCOLA MUNICIPAL DOUTORA DAMINA;RUA PEDRO MOURA 269;27;CLARIANA ZACARKIM BARAO;2,80E+11;666;495;473;2
47635.0;LAVRAS;160.0;1015.0;ESCOLA MUNICIPAL DOUTORA DAMINA;RUA PEDRO MOURA 269;30;ROMEU ZEMA NETO;2,80E+11;3351;2506;2371;29
47635.0;LAVRAS;160.0;1015.0;ESCOLA MUNICIPAL DOUTORA DAMINA;RUA PEDRO MOURA 269;55;RONALDO RAMOS CAIADO;2,80E+11;3351;2506;2371;50
47635.0;LAVRAS;160.0;1015.0;ESCOLA MUNICIPAL DOUTORA DAMINA;RUA PEDRO MOURA 269;70;AUGUSTO JORGE CURY;2,80E+11;3351;2506;2371;64
47635.0;LAVRAS;160.0;1015.0;ESCOLA MUNICIPAL DOUTORA DAMINA;RUA PEDRO MOURA 269;80;SAMARA MARTINS DA SILVA FEITOSA;2,80E+11;665;517;486;2
47635.0;LAVRAS;160.0;1015.0;ESCOLA MUNICIPAL DOUTORA DAMINA;RUA PEDRO MOURA 269;95;VOTO BRANCO;-1;3017;2248;2124;57
47635.0;LAVRAS;160.0;1015.0;ESCOLA MUNICIPAL DOUTORA DAMINA;RUA PEDRO MOURA 269;96;VOTO NULO;-1;3351;2506;2371;78
47635.0;LAVRAS;160.0;1023.0;ESCOLA ESTADUAL JOAO BATISTA HERMETO;RUA JAIR FERREIRA 285;13;LUIZ INÁCIO LULA DA SILVA;2,80E+11;5824;4396;4084;1572
47635.0;LAVRAS;160.0;1023.0;ESCOLA ESTADUAL JOAO BATISTA HERMETO;RUA JAIR FERREIRA 285;14;RENAN ANTONIO FERREIRA DOS SANTOS;2,80E+11;5824;4396;4084;117
47635.0;LAVRAS;160.0;1023.0;ESCOLA ESTADUAL JOAO BATISTA HERMETO;RUA JAIR FERREIRA 285;22;FLAVIO NANTES BOLSONARO;2,80E+11;5824;4396;4084;2114
47635.0;LAVRAS;160.0;1023.0;ESCOLA ESTADUAL JOAO BATISTA HERMETO;RUA JAIR FERREIRA 285;27;CLARIANA ZACARKIM BARAO;2,80E+11;387;282;260;1
47635.0;LAVRAS;160.0;1023.0;ESCOLA ESTADUAL JOAO BATISTA HERMETO;RUA JAIR FERREIRA 285;30;ROMEU ZEMA NETO;2,80E+11;5046;3806;3532;34
47635.0;LAVRAS;160.0;1023.0;ESCOLA ESTADUAL JOAO BATISTA HERMETO;RUA JAIR FERREIRA 285;35;WILSON GRASSI JUNIOR;2,80E+11;387;282;260;1
47635.0;LAVRAS;160.0;1023.0;ESCOLA ESTADUAL JOAO BATISTA HERMETO;RUA JAIR FERREIRA 285;55;RONALDO RAMOS CAIADO;2,80E+11;5824;4396;4084;80
47635.0;LAVRAS;160.0;1023.0;ESCOLA ESTADUAL JOAO BATISTA HERMETO;RUA JAIR FERREIRA 285;70;AUGUSTO JORGE CURY;2,80E+11;5824;4396;4084;159
47635.0;LAVRAS;160.0;1023.0;ESCOLA ESTADUAL JOAO BATISTA HERMETO;RUA JAIR FERREIRA 285;80;SAMARA MARTINS DA SILVA FEITOSA;2,80E+11;1937;1442;1349;6
47635.0;LAVRAS;160.0;1023.0;ESCOLA ESTADUAL JOAO BATISTA HERMETO;RUA JAIR FERREIRA 285;95;VOTO BRANCO;-1;5824;4396;4084;138
47635.0;LAVRAS;160.0;1023.0;ESCOLA ESTADUAL JOAO BATISTA HERMETO;RUA JAIR FERREIRA 285;96;VOTO NULO;-1;5824;4396;4084;174
47635.0;LAVRAS;160.0;1031.0;COLEGIO NOSSA SENHORA DE LOURDES;PRAÇA MONSENHOR DOMINGOS PINHEIRO 162;13;LUIZ INÁCIO LULA DA SILVA;2,80E+11;3455;2665;2547;942
47635.0;LAVRAS;160.0;1031.0;COLEGIO NOSSA SENHORA DE LOURDES;PRAÇA MONSENHOR DOMINGOS PINHEIRO 162;14;RENAN ANTONIO FERREIRA DOS SANTOS;2,80E+11;3455;2665;2547;59
47635.0;LAVRAS;160.0;1031.0;COLEGIO NOSSA SENHORA DE LOURDES;PRAÇA MONSENHOR DOMINGOS PINHEIRO 162;16;HERTZ DA CONCEICAO DIAS;2,80E+11;312;243;230;1
47635.0;LAVRAS;160.0;1031.0;COLEGIO NOSSA SENHORA DE LOURDES;PRAÇA MONSENHOR DOMINGOS PINHEIRO 162;22;FLAVIO NANTES BOLSONARO;2,80E+11;3455;2665;2547;1381
47635.0;LAVRAS;160.0;1031.0;COLEGIO NOSSA SENHORA DE LOURDES;PRAÇA MONSENHOR DOMINGOS PINHEIRO 162;27;CLARIANA ZACARKIM BARAO;2,80E+11;630;474;460;2
47635.0;LAVRAS;160.0;1031.0;COLEGIO NOSSA SENHORA DE LOURDES;PRAÇA MONSENHOR DOMINGOS PINHEIRO 162;30;ROMEU ZEMA NETO;2,80E+11;3455;2665;2547;29
47635.0;LAVRAS;160.0;1031.0;COLEGIO NOSSA SENHORA DE LOURDES;PRAÇA MONSENHOR DOMINGOS PINHEIRO 162;55;RONALDO RAMOS CAIADO;2,80E+11;3455;2665;2547;51
47635.0;LAVRAS;160.0;1031.0;COLEGIO NOSSA SENHORA DE LOURDES;PRAÇA MONSENHOR DOMINGOS PINHEIRO 162;70;AUGUSTO JORGE CURY;2,80E+11;3455;2665;2547;81
47635.0;LAVRAS;160.0;1031.0;COLEGIO NOSSA SENHORA DE LOURDES;PRAÇA MONSENHOR DOMINGOS PINHEIRO 162;80;SAMARA MARTINS DA SILVA FEITOSA;2,80E+11;313;240;232;1
47635.0;LAVRAS;160.0;1031.0;COLEGIO NOSSA SENHORA DE LOURDES;PRAÇA MONSENHOR DOMINGOS PINHEIRO 162;95;VOTO BRANCO;-1;3455;2665;2547;49
47635.0;LAVRAS;160.0;1031.0;COLEGIO NOSSA SENHORA DE LOURDES;PRAÇA MONSENHOR DOMINGOS PINHEIRO 162;96;VOTO NULO;-1;3455;2665;2547;69
47635.0;LAVRAS;160.0;1040.0;ESCOLA MUNICIPAL  ALVARO BOTELHO;PCA, DOUTOR JORGE 130;13;LUIZ INÁCIO LULA DA SILVA;2,80E+11;2332;1695;1589;702
47635.0;LAVRAS;160.0;1040.0;ESCOLA MUNICIPAL  ALVARO BOTELHO;PCA, DOUTOR JORGE 130;14;RENAN ANTONIO FERREIRA DOS SANTOS;2,80E+11;2332;1695;1589;35
47635.0;LAVRAS;160.0;1040.0;ESCOLA MUNICIPAL  ALVARO BOTELHO;PCA, DOUTOR JORGE 130;16;HERTZ DA CONCEICAO DIAS;2,80E+11;332;258;242;1
47635.0;LAVRAS;160.0;1040.0;ESCOLA MUNICIPAL  ALVARO BOTELHO;PCA, DOUTOR JORGE 130;22;FLAVIO NANTES BOLSONARO;2,80E+11;2332;1695;1589;756
47635.0;LAVRAS;160.0;1040.0;ESCOLA MUNICIPAL  ALVARO BOTELHO;PCA, DOUTOR JORGE 130;27;CLARIANA ZACARKIM BARAO;2,80E+11;328;231;219;1
47635.0;LAVRAS;160.0;1040.0;ESCOLA MUNICIPAL  ALVARO BOTELHO;PCA, DOUTOR JORGE 130;30;ROMEU ZEMA NETO;2,80E+11;2000;1437;1347;12
47635.0;LAVRAS;160.0;1040.0;ESCOLA MUNICIPAL  ALVARO BOTELHO;PCA, DOUTOR JORGE 130;55;RONALDO RAMOS CAIADO;2,80E+11;2001;1451;1361;31
47635.0;LAVRAS;160.0;1040.0;ESCOLA MUNICIPAL  ALVARO BOTELHO;PCA, DOUTOR JORGE 130;70;AUGUSTO JORGE CURY;2,80E+11;2332;1695;1589;49
47635.0;LAVRAS;160.0;1040.0;ESCOLA MUNICIPAL  ALVARO BOTELHO;PCA, DOUTOR JORGE 130;80;SAMARA MARTINS DA SILVA FEITOSA;2,80E+11;663;473;445;2
47635.0;LAVRAS;160.0;1040.0;ESCOLA MUNICIPAL  ALVARO BOTELHO;PCA, DOUTOR JORGE 130;95;VOTO BRANCO;-1;2332;1695;1589;35
47635.0;LAVRAS;160.0;1040.0;ESCOLA MUNICIPAL  ALVARO BOTELHO;PCA, DOUTOR JORGE 130;96;VOTO NULO;-1;2332;1695;1589;71
47635.0;LAVRAS;160.0;1058.0;ESCOLA ESTADUAL AZARIAS RIBEIRO;RUA  ORLANDINO PINTO RIBEIRO 254;13;LUIZ INÁCIO LULA DA SILVA;2,80E+11;4226;3171;2947;1270
47635.0;LAVRAS;160.0;1058.0;ESCOLA ESTADUAL AZARIAS RIBEIRO;RUA  ORLANDINO PINTO RIBEIRO 254;14;RENAN ANTONIO FERREIRA DOS SANTOS;2,80E+11;4226;3171;2947;51
47635.0;LAVRAS;160.0;1058.0;ESCOLA ESTADUAL AZARIAS RIBEIRO;RUA  ORLANDINO PINTO RIBEIRO 254;16;HERTZ DA CONCEICAO DIAS;2,80E+11;697;529;493;2
47635.0;LAVRAS;160.0;1058.0;ESCOLA ESTADUAL AZARIAS RIBEIRO;RUA  ORLANDINO PINTO RIBEIRO 254;21;EDMILSON SILVA COSTA;2,80E+11;709;513;481;2
47635.0;LAVRAS;160.0;1058.0;ESCOLA ESTADUAL AZARIAS RIBEIRO;RUA  ORLANDINO PINTO RIBEIRO 254;22;FLAVIO NANTES BOLSONARO;2,80E+11;4226;3171;2947;1417
47635.0;LAVRAS;160.0;1058.0;ESCOLA ESTADUAL AZARIAS RIBEIRO;RUA  ORLANDINO PINTO RIBEIRO 254;28;LEONARDO ALVES DE ARAUJO;2,80E+11;358;252;236;1
47635.0;LAVRAS;160.0;1058.0;ESCOLA ESTADUAL AZARIAS RIBEIRO;RUA  ORLANDINO PINTO RIBEIRO 254;30;ROMEU ZEMA NETO;2,80E+11;2467;1882;1756;19
47635.0;LAVRAS;160.0;1058.0;ESCOLA ESTADUAL AZARIAS RIBEIRO;RUA  ORLANDINO PINTO RIBEIRO 254;55;RONALDO RAMOS CAIADO;2,80E+11;4226;3171;2947;68
47635.0;LAVRAS;160.0;1058.0;ESCOLA ESTADUAL AZARIAS RIBEIRO;RUA  ORLANDINO PINTO RIBEIRO 254;70;AUGUSTO JORGE CURY;2,80E+11;4226;3171;2947;111
47635.0;LAVRAS;160.0;1058.0;ESCOLA ESTADUAL AZARIAS RIBEIRO;RUA  ORLANDINO PINTO RIBEIRO 254;80;SAMARA MARTINS DA SILVA FEITOSA;2,80E+11;1766;1304;1212;6
47635.0;LAVRAS;160.0;1058.0;ESCOLA ESTADUAL AZARIAS RIBEIRO;RUA  ORLANDINO PINTO RIBEIRO 254;95;VOTO BRANCO;-1;4226;3171;2947;94
47635.0;LAVRAS;160.0;1058.0;ESCOLA ESTADUAL AZARIAS RIBEIRO;RUA  ORLANDINO PINTO RIBEIRO 254;96;VOTO NULO;-1;4226;3171;2947;130
47635.0;LAVRAS;160.0;1066.0;CAMPUS CARLOTA KEMPER;PRACA DR, AUGUSTO SILVA 616;13;LUIZ INÁCIO LULA DA SILVA;2,80E+11;4135;3056;2922;1049
47635.0;LAVRAS;160.0;1066.0;CAMPUS CARLOTA KEMPER;PRACA DR, AUGUSTO SILVA 616;14;RENAN ANTONIO FERREIRA DOS SANTOS;2,80E+11;4135;3056;2922;96
47635.0;LAVRAS;160.0;1066.0;CAMPUS CARLOTA KEMPER;PRACA DR, AUGUSTO SILVA 616;16;HERTZ DA CONCEICAO DIAS;2,80E+11;345;245;238;1
47635.0;LAVRAS;160.0;1066.0;CAMPUS CARLOTA KEMPER;PRACA DR, AUGUSTO SILVA 616;21;EDMILSON SILVA COSTA;2,80E+11;690;482;461;2
47635.0;LAVRAS;160.0;1066.0;CAMPUS CARLOTA KEMPER;PRACA DR, AUGUSTO SILVA 616;22;FLAVIO NANTES BOLSONARO;2,80E+11;4135;3056;2922;1582
47635.0;LAVRAS;160.0;1066.0;CAMPUS CARLOTA KEMPER;PRACA DR, AUGUSTO SILVA 616;27;CLARIANA ZACARKIM BARAO;2,80E+11;345;283;271;1
47635.0;LAVRAS;160.0;1066.0;CAMPUS CARLOTA KEMPER;PRACA DR, AUGUSTO SILVA 616;29;RUI COSTA PIMENTA;2,80E+11;345;263;247;1
47635.0;LAVRAS;160.0;1066.0;CAMPUS CARLOTA KEMPER;PRACA DR, AUGUSTO SILVA 616;30;ROMEU ZEMA NETO;2,80E+11;3793;2810;2683;30
47635.0;LAVRAS;160.0;1066.0;CAMPUS CARLOTA KEMPER;PRACA DR, AUGUSTO SILVA 616;55;RONALDO RAMOS CAIADO;2,80E+11;4135;3056;2922;62
47635.0;LAVRAS;160.0;1066.0;CAMPUS CARLOTA KEMPER;PRACA DR, AUGUSTO SILVA 616;70;AUGUSTO JORGE CURY;2,80E+11;4135;3056;2922;94
47635.0;LAVRAS;160.0;1066.0;CAMPUS CARLOTA KEMPER;PRACA DR, AUGUSTO SILVA 616;80;SAMARA MARTINS DA SILVA FEITOSA;2,80E+11;1379;1033;991;4
47635.0;LAVRAS;160.0;1066.0;CAMPUS CARLOTA KEMPER;PRACA DR, AUGUSTO SILVA 616;95;VOTO BRANCO;-1;4135;3056;2922;43
47635.0;LAVRAS;160.0;1066.0;CAMPUS CARLOTA KEMPER;PRACA DR, AUGUSTO SILVA 616;96;VOTO NULO;-1;4135;3056;2922;91
47635.0;LAVRAS;160.0;1074.0;ESCOLA MUNICIPAL OSCAR BOTELHO;RUA JOAQUIM CARLOS ALVARENGA 268;13;LUIZ INÁCIO LULA DA SILVA;2,80E+11;3419;2561;2286;1152
47635.0;LAVRAS;160.0;1074.0;ESCOLA MUNICIPAL OSCAR BOTELHO;RUA JOAQUIM CARLOS ALVARENGA 268;14;RENAN ANTONIO FERREIRA DOS SANTOS;2,80E+11;3419;2561;2286;33
47635.0;LAVRAS;160.0;1074.0;ESCOLA MUNICIPAL OSCAR BOTELHO;RUA JOAQUIM CARLOS ALVARENGA 268;16;HERTZ DA CONCEICAO DIAS;2,80E+11;340;274;247;1
47635.0;LAVRAS;160.0;1074.0;ESCOLA MUNICIPAL OSCAR BOTELHO;RUA JOAQUIM CARLOS ALVARENGA 268;21;EDMILSON SILVA COSTA;2,80E+11;343;255;231;1
47635.0;LAVRAS;160.0;1074.0;ESCOLA MUNICIPAL OSCAR BOTELHO;RUA JOAQUIM CARLOS ALVARENGA 268;22;FLAVIO NANTES BOLSONARO;2,80E+11;3419;2561;2286;965
47635.0;LAVRAS;160.0;1074.0;ESCOLA MUNICIPAL OSCAR BOTELHO;RUA JOAQUIM CARLOS ALVARENGA 268;29;RUI COSTA PIMENTA;2,80E+11;341;220;198;1
47635.0;LAVRAS;160.0;1074.0;ESCOLA MUNICIPAL OSCAR BOTELHO;RUA JOAQUIM CARLOS ALVARENGA 268;30;ROMEU ZEMA NETO;2,80E+11;2734;2045;1835;16
47635.0;LAVRAS;160.0;1074.0;ESCOLA MUNICIPAL OSCAR BOTELHO;RUA JOAQUIM CARLOS ALVARENGA 268;55;RONALDO RAMOS CAIADO;2,80E+11;3419;2561;2286;48
47635.0;LAVRAS;160.0;1074.0;ESCOLA MUNICIPAL OSCAR BOTELHO;RUA JOAQUIM CARLOS ALVARENGA 268;70;AUGUSTO JORGE CURY;2,80E+11;3419;2561;2286;66
47635.0;LAVRAS;160.0;1074.0;ESCOLA MUNICIPAL OSCAR BOTELHO;RUA JOAQUIM CARLOS ALVARENGA 268;80;SAMARA MARTINS DA SILVA FEITOSA;2,80E+11;1025;749;668;3
47635.0;LAVRAS;160.0;1074.0;ESCOLA MUNICIPAL OSCAR BOTELHO;RUA JOAQUIM CARLOS ALVARENGA 268;95;VOTO BRANCO;-1;3419;2561;2286;143
47635.0;LAVRAS;160.0;1074.0;ESCOLA MUNICIPAL OSCAR BOTELHO;RUA JOAQUIM CARLOS ALVARENGA 268;96;VOTO NULO;-1;3419;2561;2286;132
47635.0;LAVRAS;160.0;1082.0;ESCOLA ESTADUAL FIRMINO COSTA;RUA BARBOSA LIMA 361;13;LUIZ INÁCIO LULA DA SILVA;2,80E+11;5826;4205;3972;1460
47635.0;LAVRAS;160.0;1082.0;ESCOLA ESTADUAL FIRMINO COSTA;RUA BARBOSA LIMA 361;14;RENAN ANTONIO FERREIRA DOS SANTOS;2,80E+11;5826;4205;3972;105
47635.0;LAVRAS;160.0;1082.0;ESCOLA ESTADUAL FIRMINO COSTA;RUA BARBOSA LIMA 361;16;HERTZ DA CONCEICAO DIAS;2,80E+11;391;293;275;1
47635.0;LAVRAS;160.0;1082.0;ESCOLA ESTADUAL FIRMINO COSTA;RUA BARBOSA LIMA 361;21;EDMILSON SILVA COSTA;2,80E+11;1164;841;787;3
47635.0;LAVRAS;160.0;1082.0;ESCOLA ESTADUAL FIRMINO COSTA;RUA BARBOSA LIMA 361;22;FLAVIO NANTES BOLSONARO;2,80E+11;5826;4205;3972;2120
47635.0;LAVRAS;160.0;1082.0;ESCOLA ESTADUAL FIRMINO COSTA;RUA BARBOSA LIMA 361;27;CLARIANA ZACARKIM BARAO;2,80E+11;392;278;262;1
47635.0;LAVRAS;160.0;1082.0;ESCOLA ESTADUAL FIRMINO COSTA;RUA BARBOSA LIMA 361;30;ROMEU ZEMA NETO;2,80E+11;4669;3358;3172;31
47635.0;LAVRAS;160.0;1082.0;ESCOLA ESTADUAL FIRMINO COSTA;RUA BARBOSA LIMA 361;35;WILSON GRASSI JUNIOR;2,80E+11;390;265;248;1
47635.0;LAVRAS;160.0;1082.0;ESCOLA ESTADUAL FIRMINO COSTA;RUA BARBOSA LIMA 361;55;RONALDO RAMOS CAIADO;2,80E+11;5826;4205;3972;101
47635.0;LAVRAS;160.0;1082.0;ESCOLA ESTADUAL FIRMINO COSTA;RUA BARBOSA LIMA 361;70;AUGUSTO JORGE CURY;2,80E+11;5826;4205;3972;145
47635.0;LAVRAS;160.0;1082.0;ESCOLA ESTADUAL FIRMINO COSTA;RUA BARBOSA LIMA 361;80;SAMARA MARTINS DA SILVA FEITOSA;2,80E+11;1165;825;781;4
47635.0;LAVRAS;160.0;1082.0;ESCOLA ESTADUAL FIRMINO COSTA;RUA BARBOSA LIMA 361;95;VOTO BRANCO;-1;5826;4205;3972;85
47635.0;LAVRAS;160.0;1082.0;ESCOLA ESTADUAL FIRMINO COSTA;RUA BARBOSA LIMA 361;96;VOTO NULO;-1;5826;4205;3972;148
47635.0;LAVRAS;160.0;1090.0;ESCOLA MUNICIPAL FRANCISCO SALES;RUA SANTOS PENONI S/N;13;LUIZ INÁCIO LULA DA SILVA;2,80E+11;1989;1426;1312;577
47635.0;LAVRAS;160.0;1090.0;ESCOLA MUNICIPAL FRANCISCO SALES;RUA SANTOS PENONI S/N;14;RENAN ANTONIO FERREIRA DOS SANTOS;2,80E+11;1989;1426;1312;33
47635.0;LAVRAS;160.0;1090.0;ESCOLA MUNICIPAL FRANCISCO SALES;RUA SANTOS PENONI S/N;16;HERTZ DA CONCEICAO DIAS;2,80E+11;397;288;259;1
47635.0;LAVRAS;160.0;1090.0;ESCOLA MUNICIPAL FRANCISCO SALES;RUA SANTOS PENONI S/N;22;FLAVIO NANTES BOLSONARO;2,80E+11;1989;1426;1312;617
47635.0;LAVRAS;160.0;1090.0;ESCOLA MUNICIPAL FRANCISCO SALES;RUA SANTOS PENONI S/N;30;ROMEU ZEMA NETO;2,80E+11;1989;1426;1312;11
47635.0;LAVRAS;160.0;1090.0;ESCOLA MUNICIPAL FRANCISCO SALES;RUA SANTOS PENONI S/N;55;RONALDO RAMOS CAIADO;2,80E+11;1989;1426;1312;31
47635.0;LAVRAS;160.0;1090.0;ESCOLA MUNICIPAL FRANCISCO SALES;RUA SANTOS PENONI S/N;70;AUGUSTO JORGE CURY;2,80E+11;1989;1426;1312;39
47635.0;LAVRAS;160.0;1090.0;ESCOLA MUNICIPAL FRANCISCO SALES;RUA SANTOS PENONI S/N;80;SAMARA MARTINS DA SILVA FEITOSA;2,80E+11;1191;852;790;3
47635.0;LAVRAS;160.0;1090.0;ESCOLA MUNICIPAL FRANCISCO SALES;RUA SANTOS PENONI S/N;95;VOTO BRANCO;-1;1989;1426;1312;46
47635.0;LAVRAS;160.0;1090.0;ESCOLA MUNICIPAL FRANCISCO SALES;RUA SANTOS PENONI S/N;96;VOTO NULO;-1;1989;1426;1312;68
47635.0;LAVRAS;160.0;1104.0;ESCOLA MUNICIPAL PADRE DEHON;AV, ANTONIO VAZ MONTEIRO, 338;13;LUIZ INÁCIO LULA DA SILVA;2,80E+11;1520;1171;1097;425
47635.0;LAVRAS;160.0;1104.0;ESCOLA MUNICIPAL PADRE DEHON;AV, ANTONIO VAZ MONTEIRO, 338;14;RENAN ANTONIO FERREIRA DOS SANTOS;2,80E+11;1520;1171;1097;30
47635.0;LAVRAS;160.0;1104.0;ESCOLA MUNICIPAL PADRE DEHON;AV, ANTONIO VAZ MONTEIRO, 338;22;FLAVIO NANTES BOLSONARO;2,80E+11;1520;1171;1097;566
47635.0;LAVRAS;160.0;1104.0;ESCOLA MUNICIPAL PADRE DEHON;AV, ANTONIO VAZ MONTEIRO, 338;30;ROMEU ZEMA NETO;2,80E+11;1137;878;822;10
47635.0;LAVRAS;160.0;1104.0;ESCOLA MUNICIPAL PADRE DEHON;AV, ANTONIO VAZ MONTEIRO, 338;35;WILSON GRASSI JUNIOR;2,80E+11;379;283;263;1
47635.0;LAVRAS;160.0;1104.0;ESCOLA MUNICIPAL PADRE DEHON;AV, ANTONIO VAZ MONTEIRO, 338;55;RONALDO RAMOS CAIADO;2,80E+11;1520;1171;1097;22
47635.0;LAVRAS;160.0;1104.0;ESCOLA MUNICIPAL PADRE DEHON;AV, ANTONIO VAZ MONTEIRO, 338;70;AUGUSTO JORGE CURY;2,80E+11;1520;1171;1097;43
47635.0;LAVRAS;160.0;1104.0;ESCOLA MUNICIPAL PADRE DEHON;AV, ANTONIO VAZ MONTEIRO, 338;95;VOTO BRANCO;-1;1520;1171;1097;35
47635.0;LAVRAS;160.0;1104.0;ESCOLA MUNICIPAL PADRE DEHON;AV, ANTONIO VAZ MONTEIRO, 338;96;VOTO NULO;-1;1520;1171;1097;39
47635.0;LAVRAS;160.0;1112.0;ESCOLA MUNICIPAL PAULO MENICUCCI;RUA AGRIPINO AUGUSTO ANDRADE 425;13;LUIZ INÁCIO LULA DA SILVA;2,80E+11;3901;2911;2609;1212
47635.0;LAVRAS;160.0;1112.0;ESCOLA MUNICIPAL PAULO MENICUCCI;RUA AGRIPINO AUGUSTO ANDRADE 425;14;RENAN ANTONIO FERREIRA DOS SANTOS;2,80E+11;3901;2911;2609;33
47635.0;LAVRAS;160.0;1112.0;ESCOLA MUNICIPAL PAULO MENICUCCI;RUA AGRIPINO AUGUSTO ANDRADE 425;21;EDMILSON SILVA COSTA;2,80E+11;272;190;170;1
47635.0;LAVRAS;160.0;1112.0;ESCOLA MUNICIPAL PAULO MENICUCCI;RUA AGRIPINO AUGUSTO ANDRADE 425;22;FLAVIO NANTES BOLSONARO;2,80E+11;3901;2911;2609;1157
47635.0;LAVRAS;160.0;1112.0;ESCOLA MUNICIPAL PAULO MENICUCCI;RUA AGRIPINO AUGUSTO ANDRADE 425;27;CLARIANA ZACARKIM BARAO;2,80E+11;558;409;359;2
47635.0;LAVRAS;160.0;1112.0;ESCOLA MUNICIPAL PAULO MENICUCCI;RUA AGRIPINO AUGUSTO ANDRADE 425;29;RUI COSTA PIMENTA;2,80E+11;273;198;181;1
47635.0;LAVRAS;160.0;1112.0;ESCOLA MUNICIPAL PAULO MENICUCCI;RUA AGRIPINO AUGUSTO ANDRADE 425;30;ROMEU ZEMA NETO;2,80E+11;3357;2498;2236;27
47635.0;LAVRAS;160.0;1112.0;ESCOLA MUNICIPAL PAULO MENICUCCI;RUA AGRIPINO AUGUSTO ANDRADE 425;55;RONALDO RAMOS CAIADO;2,80E+11;3901;2911;2609;76
47635.0;LAVRAS;160.0;1112.0;ESCOLA MUNICIPAL PAULO MENICUCCI;RUA AGRIPINO AUGUSTO ANDRADE 425;70;AUGUSTO JORGE CURY;2,80E+11;3901;2911;2609;99
47635.0;LAVRAS;160.0;1112.0;ESCOLA MUNICIPAL PAULO MENICUCCI;RUA AGRIPINO AUGUSTO ANDRADE 425;80;SAMARA MARTINS DA SILVA FEITOSA;2,80E+11;286;219;189;1
47635.0;LAVRAS;160.0;1112.0;ESCOLA MUNICIPAL PAULO MENICUCCI;RUA AGRIPINO AUGUSTO ANDRADE 425;95;VOTO BRANCO;-1;3901;2911;2609;123
47635.0;LAVRAS;160.0;1112.0;ESCOLA MUNICIPAL PAULO MENICUCCI;RUA AGRIPINO AUGUSTO ANDRADE 425;96;VOTO NULO;-1;3901;2911;2609;179
47635.0;LAVRAS;160.0;1120.0;INSTITUTO GAMMON;PÇA, DR, JORGE 370;13;LUIZ INÁCIO LULA DA SILVA;2,80E+11;4142;3166;3008;1168
47635.0;LAVRAS;160.0;1120.0;INSTITUTO GAMMON;PÇA, DR, JORGE 370;14;RENAN ANTONIO FERREIRA DOS SANTOS;2,80E+11;4142;3166;3008;66
47635.0;LAVRAS;160.0;1120.0;INSTITUTO GAMMON;PÇA, DR, JORGE 370;21;EDMILSON SILVA COSTA;2,80E+11;957;723;681;3
47635.0;LAVRAS;160.0;1120.0;INSTITUTO GAMMON;PÇA, DR, JORGE 370;22;FLAVIO NANTES BOLSONARO;2,80E+11;4142;3166;3008;1550
47635.0;LAVRAS;160.0;1120.0;INSTITUTO GAMMON;PÇA, DR, JORGE 370;27;CLARIANA ZACARKIM BARAO;2,80E+11;957;758;714;3
47635.0;LAVRAS;160.0;1120.0;INSTITUTO GAMMON;PÇA, DR, JORGE 370;30;ROMEU ZEMA NETO;2,80E+11;3823;2915;2765;38
47635.0;LAVRAS;160.0;1120.0;INSTITUTO GAMMON;PÇA, DR, JORGE 370;35;WILSON GRASSI JUNIOR;2,80E+11;319;251;243;1
47635.0;LAVRAS;160.0;1120.0;INSTITUTO GAMMON;PÇA, DR, JORGE 370;55;RONALDO RAMOS CAIADO;2,80E+11;4142;3166;3008;71
47635.0;LAVRAS;160.0;1120.0;INSTITUTO GAMMON;PÇA, DR, JORGE 370;70;AUGUSTO JORGE CURY;2,80E+11;4142;3166;3008;105
47635.0;LAVRAS;160.0;1120.0;INSTITUTO GAMMON;PÇA, DR, JORGE 370;80;SAMARA MARTINS DA SILVA FEITOSA;2,80E+11;636;474;452;3
47635.0;LAVRAS;160.0;1120.0;INSTITUTO GAMMON;PÇA, DR, JORGE 370;95;VOTO BRANCO;-1;4142;3166;3008;62
47635.0;LAVRAS;160.0;1120.0;INSTITUTO GAMMON;PÇA, DR, JORGE 370;96;VOTO NULO;-1;4142;3166;3008;96
47635.0;LAVRAS;160.0;1139.0;UNILAVRAS;RUA PADRE JOSE POGGEL 506;13;LUIZ INÁCIO LULA DA SILVA;2,80E+11;2859;2224;2135;720
47635.0;LAVRAS;160.0;1139.0;UNILAVRAS;RUA PADRE JOSE POGGEL 506;14;RENAN ANTONIO FERREIRA DOS SANTOS;2,80E+11;2859;2224;2135;80
47635.0;LAVRAS;160.0;1139.0;UNILAVRAS;RUA PADRE JOSE POGGEL 506;16;HERTZ DA CONCEICAO DIAS;2,80E+11;710;549;536;2
47635.0;LAVRAS;160.0;1139.0;UNILAVRAS;RUA PADRE JOSE POGGEL 506;22;FLAVIO NANTES BOLSONARO;2,80E+11;2859;2224;2135;1170
47635.0;LAVRAS;160.0;1139.0;UNILAVRAS;RUA PADRE JOSE POGGEL 506;30;ROMEU ZEMA NETO;2,80E+11;2859;2224;2135;30
47635.0;LAVRAS;160.0;1139.0;UNILAVRAS;RUA PADRE JOSE POGGEL 506;55;RONALDO RAMOS CAIADO;2,80E+11;2859;2224;2135;51
47635.0;LAVRAS;160.0;1139.0;UNILAVRAS;RUA PADRE JOSE POGGEL 506;70;AUGUSTO JORGE CURY;2,80E+11;2859;2224;2135;81
47635.0;LAVRAS;160.0;1139.0;UNILAVRAS;RUA PADRE JOSE POGGEL 506;80;SAMARA MARTINS DA SILVA FEITOSA;2,80E+11;357;256;241;1
47635.0;LAVRAS;160.0;1139.0;UNILAVRAS;RUA PADRE JOSE POGGEL 506;95;VOTO BRANCO;-1;2859;2224;2135;25
47635.0;LAVRAS;160.0;1139.0;UNILAVRAS;RUA PADRE JOSE POGGEL 506;96;VOTO NULO;-1;2859;2224;2135;64
47635.0;LAVRAS;160.0;1147.0;ESCOLA ESTADUAL CINIRA DE CARVALHO;RUA AUGUSTO VIEIRA SILVA 440;13;LUIZ INÁCIO LULA DA SILVA;2,80E+11;5906;4533;4158;1593
47635.0;LAVRAS;160.0;1147.0;ESCOLA ESTADUAL CINIRA DE CARVALHO;RUA AUGUSTO VIEIRA SILVA 440;14;RENAN ANTONIO FERREIRA DOS SANTOS;2,80E+11;5906;4533;4158;109
47635.0;LAVRAS;160.0;1147.0;ESCOLA ESTADUAL CINIRA DE CARVALHO;RUA AUGUSTO VIEIRA SILVA 440;16;HERTZ DA CONCEICAO DIAS;2,80E+11;784;604;562;2
47635.0;LAVRAS;160.0;1147.0;ESCOLA ESTADUAL CINIRA DE CARVALHO;RUA AUGUSTO VIEIRA SILVA 440;21;EDMILSON SILVA COSTA;2,80E+11;398;284;266;1
47635.0;LAVRAS;160.0;1147.0;ESCOLA ESTADUAL CINIRA DE CARVALHO;RUA AUGUSTO VIEIRA SILVA 440;22;FLAVIO NANTES BOLSONARO;2,80E+11;5906;4533;4158;2141
47635.0;LAVRAS;160.0;1147.0;ESCOLA ESTADUAL CINIRA DE CARVALHO;RUA AUGUSTO VIEIRA SILVA 440;27;CLARIANA ZACARKIM BARAO;2,80E+11;395;305;279;1
47635.0;LAVRAS;160.0;1147.0;ESCOLA ESTADUAL CINIRA DE CARVALHO;RUA AUGUSTO VIEIRA SILVA 440;28;LEONARDO ALVES DE ARAUJO;2,80E+11;394;302;272;1
47635.0;LAVRAS;160.0;1147.0;ESCOLA ESTADUAL CINIRA DE CARVALHO;RUA AUGUSTO VIEIRA SILVA 440;29;RUI COSTA PIMENTA;2,80E+11;388;309;282;1
47635.0;LAVRAS;160.0;1147.0;ESCOLA ESTADUAL CINIRA DE CARVALHO;RUA AUGUSTO VIEIRA SILVA 440;30;ROMEU ZEMA NETO;2,80E+11;5511;4237;3883;45
47635.0;LAVRAS;160.0;1147.0;ESCOLA ESTADUAL CINIRA DE CARVALHO;RUA AUGUSTO VIEIRA SILVA 440;55;RONALDO RAMOS CAIADO;2,80E+11;5513;4255;3902;87
47635.0;LAVRAS;160.0;1147.0;ESCOLA ESTADUAL CINIRA DE CARVALHO;RUA AUGUSTO VIEIRA SILVA 440;70;AUGUSTO JORGE CURY;2,80E+11;5906;4533;4158;171
47635.0;LAVRAS;160.0;1147.0;ESCOLA ESTADUAL CINIRA DE CARVALHO;RUA AUGUSTO VIEIRA SILVA 440;80;SAMARA MARTINS DA SILVA FEITOSA;2,80E+11;1576;1214;1120;6
47635.0;LAVRAS;160.0;1147.0;ESCOLA ESTADUAL CINIRA DE CARVALHO;RUA AUGUSTO VIEIRA SILVA 440;95;VOTO BRANCO;-1;5906;4533;4158;153
47635.0;LAVRAS;160.0;1147.0;ESCOLA ESTADUAL CINIRA DE CARVALHO;RUA AUGUSTO VIEIRA SILVA 440;96;VOTO NULO;-1;5906;4533;4158;222
47635.0;LAVRAS;160.0;1155.0;ESCOLA ESTADUAL CRISTIANO DE SOUZA;AV, DUQUE DA ROCHA 501;13;LUIZ INÁCIO LULA DA SILVA;2,80E+11;4270;3346;3069;1451
47635.0;LAVRAS;160.0;1155.0;ESCOLA ESTADUAL CRISTIANO DE SOUZA;AV, DUQUE DA ROCHA 501;14;RENAN ANTONIO FERREIRA DOS SANTOS;2,80E+11;4270;3346;3069;71
47635.0;LAVRAS;160.0;1155.0;ESCOLA ESTADUAL CRISTIANO DE SOUZA;AV, DUQUE DA ROCHA 501;21;EDMILSON SILVA COSTA;2,80E+11;393;308;280;1
47635.0;LAVRAS;160.0;1155.0;ESCOLA ESTADUAL CRISTIANO DE SOUZA;AV, DUQUE DA ROCHA 501;22;FLAVIO NANTES BOLSONARO;2,80E+11;4270;3346;3069;1334
47635.0;LAVRAS;160.0;1155.0;ESCOLA ESTADUAL CRISTIANO DE SOUZA;AV, DUQUE DA ROCHA 501;27;CLARIANA ZACARKIM BARAO;2,80E+11;775;620;579;2
47635.0;LAVRAS;160.0;1155.0;ESCOLA ESTADUAL CRISTIANO DE SOUZA;AV, DUQUE DA ROCHA 501;30;ROMEU ZEMA NETO;2,80E+11;3879;3027;2766;30
47635.0;LAVRAS;160.0;1155.0;ESCOLA ESTADUAL CRISTIANO DE SOUZA;AV, DUQUE DA ROCHA 501;35;WILSON GRASSI JUNIOR;2,80E+11;386;293;267;1
47635.0;LAVRAS;160.0;1155.0;ESCOLA ESTADUAL CRISTIANO DE SOUZA;AV, DUQUE DA ROCHA 501;55;RONALDO RAMOS CAIADO;2,80E+11;4270;3346;3069;72
47635.0;LAVRAS;160.0;1155.0;ESCOLA ESTADUAL CRISTIANO DE SOUZA;AV, DUQUE DA ROCHA 501;70;AUGUSTO JORGE CURY;2,80E+11;4270;3346;3069;102
47635.0;LAVRAS;160.0;1155.0;ESCOLA ESTADUAL CRISTIANO DE SOUZA;AV, DUQUE DA ROCHA 501;80;SAMARA MARTINS DA SILVA FEITOSA;2,80E+11;1556;1207;1096;5
47635.0;LAVRAS;160.0;1155.0;ESCOLA ESTADUAL CRISTIANO DE SOUZA;AV, DUQUE DA ROCHA 501;95;VOTO BRANCO;-1;4270;3346;3069;125
47635.0;LAVRAS;160.0;1155.0;ESCOLA ESTADUAL CRISTIANO DE SOUZA;AV, DUQUE DA ROCHA 501;96;VOTO NULO;-1;4270;3346;3069;152
47635.0;LAVRAS;160.0;1163.0;CAIC - ESCOLA MUNICIPAL ITALIA CAUTIERO FRANCO;RUA RAIMUNDA MARQUES GUIMARAES S/N;13;LUIZ INÁCIO LULA DA SILVA;2,80E+11;4087;3263;3025;1197
47635.0;LAVRAS;160.0;1163.0;CAIC - ESCOLA MUNICIPAL ITALIA CAUTIERO FRANCO;RUA RAIMUNDA MARQUES GUIMARAES S/N;14;RENAN ANTONIO FERREIRA DOS SANTOS;2,80E+11;4087;3263;3025;70
47635.0;LAVRAS;160.0;1163.0;CAIC - ESCOLA MUNICIPAL ITALIA CAUTIERO FRANCO;RUA RAIMUNDA MARQUES GUIMARAES S/N;22;FLAVIO NANTES BOLSONARO;2,80E+11;4087;3263;3025;1529
47635.0;LAVRAS;160.0;1163.0;CAIC - ESCOLA MUNICIPAL ITALIA CAUTIERO FRANCO;RUA RAIMUNDA MARQUES GUIMARAES S/N;27;CLARIANA ZACARKIM BARAO;2,80E+11;376;275;259;1
47635.0;LAVRAS;160.0;1163.0;CAIC - ESCOLA MUNICIPAL ITALIA CAUTIERO FRANCO;RUA RAIMUNDA MARQUES GUIMARAES S/N;29;RUI COSTA PIMENTA;2,80E+11;375;309;292;1
47635.0;LAVRAS;160.0;1163.0;CAIC - ESCOLA MUNICIPAL ITALIA CAUTIERO FRANCO;RUA RAIMUNDA MARQUES GUIMARAES S/N;30;ROMEU ZEMA NETO;2,80E+11;3713;2972;2751;34
47635.0;LAVRAS;160.0;1163.0;CAIC - ESCOLA MUNICIPAL ITALIA CAUTIERO FRANCO;RUA RAIMUNDA MARQUES GUIMARAES S/N;55;RONALDO RAMOS CAIADO;2,80E+11;4087;3263;3025;63
47635.0;LAVRAS;160.0;1163.0;CAIC - ESCOLA MUNICIPAL ITALIA CAUTIERO FRANCO;RUA RAIMUNDA MARQUES GUIMARAES S/N;70;AUGUSTO JORGE CURY;2,80E+11;4087;3263;3025;125
47635.0;LAVRAS;160.0;1163.0;CAIC - ESCOLA MUNICIPAL ITALIA CAUTIERO FRANCO;RUA RAIMUNDA MARQUES GUIMARAES S/N;80;SAMARA MARTINS DA SILVA FEITOSA;2,80E+11;1493;1144;1070;5
47635.0;LAVRAS;160.0;1163.0;CAIC - ESCOLA MUNICIPAL ITALIA CAUTIERO FRANCO;RUA RAIMUNDA MARQUES GUIMARAES S/N;95;VOTO BRANCO;-1;4087;3263;3025;84
47635.0;LAVRAS;160.0;1163.0;CAIC - ESCOLA MUNICIPAL ITALIA CAUTIERO FRANCO;RUA RAIMUNDA MARQUES GUIMARAES S/N;96;VOTO NULO;-1;4087;3263;3025;154
47635.0;LAVRAS;160.0;1171.0;COLEGIO TIRADENTES;COMANDANTE NELIO S/N;13;LUIZ INÁCIO LULA DA SILVA;2,80E+11;4946;3847;3652;1193
47635.0;LAVRAS;160.0;1171.0;COLEGIO TIRADENTES;COMANDANTE NELIO S/N;14;RENAN ANTONIO FERREIRA DOS SANTOS;2,80E+11;4946;3847;3652;113
47635.0;LAVRAS;160.0;1171.0;COLEGIO TIRADENTES;COMANDANTE NELIO S/N;16;HERTZ DA CONCEICAO DIAS;2,80E+11;379;287;278;1
47635.0;LAVRAS;160.0;1171.0;COLEGIO TIRADENTES;COMANDANTE NELIO S/N;21;EDMILSON SILVA COSTA;2,80E+11;381;303;287;1
47635.0;LAVRAS;160.0;1171.0;COLEGIO TIRADENTES;COMANDANTE NELIO S/N;22;FLAVIO NANTES BOLSONARO;2,80E+11;4946;3847;3652;2082
47635.0;LAVRAS;160.0;1171.0;COLEGIO TIRADENTES;COMANDANTE NELIO S/N;27;CLARIANA ZACARKIM BARAO;2,80E+11;379;309;295;1
47635.0;LAVRAS;160.0;1171.0;COLEGIO TIRADENTES;COMANDANTE NELIO S/N;30;ROMEU ZEMA NETO;2,80E+11;4564;3564;3383;38
47635.0;LAVRAS;160.0;1171.0;COLEGIO TIRADENTES;COMANDANTE NELIO S/N;35;WILSON GRASSI JUNIOR;2,80E+11;377;278;260;1
47635.0;LAVRAS;160.0;1171.0;COLEGIO TIRADENTES;COMANDANTE NELIO S/N;55;RONALDO RAMOS CAIADO;2,80E+11;4946;3847;3652;70
47635.0;LAVRAS;160.0;1171.0;COLEGIO TIRADENTES;COMANDANTE NELIO S/N;70;AUGUSTO JORGE CURY;2,80E+11;4946;3847;3652;149
47635.0;LAVRAS;160.0;1171.0;COLEGIO TIRADENTES;COMANDANTE NELIO S/N;80;SAMARA MARTINS DA SILVA FEITOSA;2,80E+11;1135;864;822;3
47635.0;LAVRAS;160.0;1171.0;COLEGIO TIRADENTES;COMANDANTE NELIO S/N;95;VOTO BRANCO;-1;4946;3847;3652;77
47635.0;LAVRAS;160.0;1171.0;COLEGIO TIRADENTES;COMANDANTE NELIO S/N;96;VOTO NULO;-1;4946;3847;3652;118
47635.0;LAVRAS;160.0;1201.0;ESCOLA MUNICIPAL JOSE SERAFIM;RUA HELIO LUCIO DO CARMO 10;13;LUIZ INÁCIO LULA DA SILVA;2,80E+11;1210;925;798;438
47635.0;LAVRAS;160.0;1201.0;ESCOLA MUNICIPAL JOSE SERAFIM;RUA HELIO LUCIO DO CARMO 10;14;RENAN ANTONIO FERREIRA DOS SANTOS;2,80E+11;1210;925;798;9
47635.0;LAVRAS;160.0;1201.0;ESCOLA MUNICIPAL JOSE SERAFIM;RUA HELIO LUCIO DO CARMO 10;21;EDMILSON SILVA COSTA;2,80E+11;303;236;198;1
47635.0;LAVRAS;160.0;1201.0;ESCOLA MUNICIPAL JOSE SERAFIM;RUA HELIO LUCIO DO CARMO 10;22;FLAVIO NANTES BOLSONARO;2,80E+11;1210;925;798;297
47635.0;LAVRAS;160.0;1201.0;ESCOLA MUNICIPAL JOSE SERAFIM;RUA HELIO LUCIO DO CARMO 10;27;CLARIANA ZACARKIM BARAO;2,80E+11;608;453;395;2
47635.0;LAVRAS;160.0;1201.0;ESCOLA MUNICIPAL JOSE SERAFIM;RUA HELIO LUCIO DO CARMO 10;30;ROMEU ZEMA NETO;2,80E+11;1210;925;798;9
47635.0;LAVRAS;160.0;1201.0;ESCOLA MUNICIPAL JOSE SERAFIM;RUA HELIO LUCIO DO CARMO 10;35;WILSON GRASSI JUNIOR;2,80E+11;303;236;198;1
47635.0;LAVRAS;160.0;1201.0;ESCOLA MUNICIPAL JOSE SERAFIM;RUA HELIO LUCIO DO CARMO 10;55;RONALDO RAMOS CAIADO;2,80E+11;1210;925;798;17
47635.0;LAVRAS;160.0;1201.0;ESCOLA MUNICIPAL JOSE SERAFIM;RUA HELIO LUCIO DO CARMO 10;70;AUGUSTO JORGE CURY;2,80E+11;1210;925;798;23
47635.0;LAVRAS;160.0;1201.0;ESCOLA MUNICIPAL JOSE SERAFIM;RUA HELIO LUCIO DO CARMO 10;80;SAMARA MARTINS DA SILVA FEITOSA;2,80E+11;299;236;205;1
47635.0;LAVRAS;160.0;1201.0;ESCOLA MUNICIPAL JOSE SERAFIM;RUA HELIO LUCIO DO CARMO 10;95;VOTO BRANCO;-1;1210;925;798;54
47635.0;LAVRAS;160.0;1201.0;ESCOLA MUNICIPAL JOSE SERAFIM;RUA HELIO LUCIO DO CARMO 10;96;VOTO NULO;-1;1210;925;798;73
47635.0;LAVRAS;160.0;1210.0;ESCOLA MUNICIPAL PAULO LOURENCO MENICUCCI;RUA LUIZ CARLOS DE SOUZA 33;13;LUIZ INÁCIO LULA DA SILVA;2,80E+11;1522;1199;1080;474
47635.0;LAVRAS;160.0;1210.0;ESCOLA MUNICIPAL PAULO LOURENCO MENICUCCI;RUA LUIZ CARLOS DE SOUZA 33;14;RENAN ANTONIO FERREIRA DOS SANTOS;2,80E+11;1522;1199;1080;38
47635.0;LAVRAS;160.0;1210.0;ESCOLA MUNICIPAL PAULO LOURENCO MENICUCCI;RUA LUIZ CARLOS DE SOUZA 33;16;HERTZ DA CONCEICAO DIAS;2,80E+11;381;304;277;1
47635.0;LAVRAS;160.0;1210.0;ESCOLA MUNICIPAL PAULO LOURENCO MENICUCCI;RUA LUIZ CARLOS DE SOUZA 33;21;EDMILSON SILVA COSTA;2,80E+11;383;302;277;2
47635.0;LAVRAS;160.0;1210.0;ESCOLA MUNICIPAL PAULO LOURENCO MENICUCCI;RUA LUIZ CARLOS DE SOUZA 33;22;FLAVIO NANTES BOLSONARO;2,80E+11;1522;1199;1080;483
47635.0;LAVRAS;160.0;1210.0;ESCOLA MUNICIPAL PAULO LOURENCO MENICUCCI;RUA LUIZ CARLOS DE SOUZA 33;27;CLARIANA ZACARKIM BARAO;2,80E+11;383;302;277;1
47635.0;LAVRAS;160.0;1210.0;ESCOLA MUNICIPAL PAULO LOURENCO MENICUCCI;RUA LUIZ CARLOS DE SOUZA 33;30;ROMEU ZEMA NETO;2,80E+11;1522;1199;1080;18
47635.0;LAVRAS;160.0;1210.0;ESCOLA MUNICIPAL PAULO LOURENCO MENICUCCI;RUA LUIZ CARLOS DE SOUZA 33;55;RONALDO RAMOS CAIADO;2,80E+11;1522;1199;1080;12
47635.0;LAVRAS;160.0;1210.0;ESCOLA MUNICIPAL PAULO LOURENCO MENICUCCI;RUA LUIZ CARLOS DE SOUZA 33;70;AUGUSTO JORGE CURY;2,80E+11;1522;1199;1080;47
47635.0;LAVRAS;160.0;1210.0;ESCOLA MUNICIPAL PAULO LOURENCO MENICUCCI;RUA LUIZ CARLOS DE SOUZA 33;80;SAMARA MARTINS DA SILVA FEITOSA;2,80E+11;1144;905;816;4
47635.0;LAVRAS;160.0;1210.0;ESCOLA MUNICIPAL PAULO LOURENCO MENICUCCI;RUA LUIZ CARLOS DE SOUZA 33;95;VOTO BRANCO;-1;1522;1199;1080;52
47635.0;LAVRAS;160.0;1210.0;ESCOLA MUNICIPAL PAULO LOURENCO MENICUCCI;RUA LUIZ CARLOS DE SOUZA 33;96;VOTO NULO;-1;1522;1199;1080;67
47635.0;LAVRAS;160.0;1228.0;ESCOLA MUNICIPAL UMBELINA AZEVEDO AVELLAR;AVENIDA ANISIO HADDAD, 10;13;LUIZ INÁCIO LULA DA SILVA;2,80E+11;2046;1573;1437;604
47635.0;LAVRAS;160.0;1228.0;ESCOLA MUNICIPAL UMBELINA AZEVEDO AVELLAR;AVENIDA ANISIO HADDAD, 10;14;RENAN ANTONIO FERREIRA DOS SANTOS;2,80E+11;2046;1573;1437;49
47635.0;LAVRAS;160.0;1228.0;ESCOLA MUNICIPAL UMBELINA AZEVEDO AVELLAR;AVENIDA ANISIO HADDAD, 10;16;HERTZ DA CONCEICAO DIAS;2,80E+11;385;277;257;1
47635.0;LAVRAS;160.0;1228.0;ESCOLA MUNICIPAL UMBELINA AZEVEDO AVELLAR;AVENIDA ANISIO HADDAD, 10;22;FLAVIO NANTES BOLSONARO;2,80E+11;2046;1573;1437;687
47635.0;LAVRAS;160.0;1228.0;ESCOLA MUNICIPAL UMBELINA AZEVEDO AVELLAR;AVENIDA ANISIO HADDAD, 10;27;CLARIANA ZACARKIM BARAO;2,80E+11;385;277;257;1
47635.0;LAVRAS;160.0;1228.0;ESCOLA MUNICIPAL UMBELINA AZEVEDO AVELLAR;AVENIDA ANISIO HADDAD, 10;29;RUI COSTA PIMENTA;2,80E+11;380;288;266;1
47635.0;LAVRAS;160.0;1228.0;ESCOLA MUNICIPAL UMBELINA AZEVEDO AVELLAR;AVENIDA ANISIO HADDAD, 10;30;ROMEU ZEMA NETO;2,80E+11;2046;1573;1437;12
47635.0;LAVRAS;160.0;1228.0;ESCOLA MUNICIPAL UMBELINA AZEVEDO AVELLAR;AVENIDA ANISIO HADDAD, 10;55;RONALDO RAMOS CAIADO;2,80E+11;2046;1573;1437;28
47635.0;LAVRAS;160.0;1228.0;ESCOLA MUNICIPAL UMBELINA AZEVEDO AVELLAR;AVENIDA ANISIO HADDAD, 10;70;AUGUSTO JORGE CURY;2,80E+11;2046;1573;1437;50
47635.0;LAVRAS;160.0;1228.0;ESCOLA MUNICIPAL UMBELINA AZEVEDO AVELLAR;AVENIDA ANISIO HADDAD, 10;80;SAMARA MARTINS DA SILVA FEITOSA;2,80E+11;752;561;520;4
47635.0;LAVRAS;160.0;1228.0;ESCOLA MUNICIPAL UMBELINA AZEVEDO AVELLAR;AVENIDA ANISIO HADDAD, 10;95;VOTO BRANCO;-1;2046;1573;1437;50
47635.0;LAVRAS;160.0;1228.0;ESCOLA MUNICIPAL UMBELINA AZEVEDO AVELLAR;AVENIDA ANISIO HADDAD, 10;96;VOTO NULO;-1;2046;1573;1437;86
47635.0;LAVRAS;160.0;1236.0;E, M, PROFESSOR JOSE LUIZ DE MESQUITA;RUA CECILIA MEIRELES 101;13;LUIZ INÁCIO LULA DA SILVA;2,80E+11;2595;1917;1753;867
47635.0;LAVRAS;160.0;1236.0;E, M, PROFESSOR JOSE LUIZ DE MESQUITA;RUA CECILIA MEIRELES 101;14;RENAN ANTONIO FERREIRA DOS SANTOS;2,80E+11;2595;1917;1753;46
47635.0;LAVRAS;160.0;1236.0;E, M, PROFESSOR JOSE LUIZ DE MESQUITA;RUA CECILIA MEIRELES 101;22;FLAVIO NANTES BOLSONARO;2,80E+11;2595;1917;1753;718
47635.0;LAVRAS;160.0;1236.0;E, M, PROFESSOR JOSE LUIZ DE MESQUITA;RUA CECILIA MEIRELES 101;27;CLARIANA ZACARKIM BARAO;2,80E+11;373;264;243;1
47635.0;LAVRAS;160.0;1236.0;E, M, PROFESSOR JOSE LUIZ DE MESQUITA;RUA CECILIA MEIRELES 101;30;ROMEU ZEMA NETO;2,80E+11;2595;1917;1753;19
47635.0;LAVRAS;160.0;1236.0;E, M, PROFESSOR JOSE LUIZ DE MESQUITA;RUA CECILIA MEIRELES 101;35;WILSON GRASSI JUNIOR;2,80E+11;369;268;241;2
47635.0;LAVRAS;160.0;1236.0;E, M, PROFESSOR JOSE LUIZ DE MESQUITA;RUA CECILIA MEIRELES 101;55;RONALDO RAMOS CAIADO;2,80E+11;2595;1917;1753;42
47635.0;LAVRAS;160.0;1236.0;E, M, PROFESSOR JOSE LUIZ DE MESQUITA;RUA CECILIA MEIRELES 101;70;AUGUSTO JORGE CURY;2,80E+11;2595;1917;1753;56
47635.0;LAVRAS;160.0;1236.0;E, M, PROFESSOR JOSE LUIZ DE MESQUITA;RUA CECILIA MEIRELES 101;80;SAMARA MARTINS DA SILVA FEITOSA;2,80E+11;745;543;501;2
47635.0;LAVRAS;160.0;1236.0;E, M, PROFESSOR JOSE LUIZ DE MESQUITA;RUA CECILIA MEIRELES 101;95;VOTO BRANCO;-1;2595;1917;1753;83
47635.0;LAVRAS;160.0;1236.0;E, M, PROFESSOR JOSE LUIZ DE MESQUITA;RUA CECILIA MEIRELES 101;96;VOTO NULO;-1;2595;1917;1753;81
47635.0;LAVRAS;160.0;1244.0;E, M, PROFESSOR ÉDIO DO NASCIMENTO BIRINDIBA;ESTAÇÃO FERROVIÁRIA DO ITIRAPUAN;13;LUIZ INÁCIO LULA DA SILVA;2,80E+11;433;284;267;58
47635.0;LAVRAS;160.0;1244.0;E, M, PROFESSOR ÉDIO DO NASCIMENTO BIRINDIBA;ESTAÇÃO FERROVIÁRIA DO ITIRAPUAN;14;RENAN ANTONIO FERREIRA DOS SANTOS;2,80E+11;433;284;267;9
47635.0;LAVRAS;160.0;1244.0;E, M, PROFESSOR ÉDIO DO NASCIMENTO BIRINDIBA;ESTAÇÃO FERROVIÁRIA DO ITIRAPUAN;22;FLAVIO NANTES BOLSONARO;2,80E+11;433;284;267;177
47635.0;LAVRAS;160.0;1244.0;E, M, PROFESSOR ÉDIO DO NASCIMENTO BIRINDIBA;ESTAÇÃO FERROVIÁRIA DO ITIRAPUAN;30;ROMEU ZEMA NETO;2,80E+11;433;284;267;2
47635.0;LAVRAS;160.0;1244.0;E, M, PROFESSOR ÉDIO DO NASCIMENTO BIRINDIBA;ESTAÇÃO FERROVIÁRIA DO ITIRAPUAN;55;RONALDO RAMOS CAIADO;2,80E+11;319;192;181;3
47635.0;LAVRAS;160.0;1244.0;E, M, PROFESSOR ÉDIO DO NASCIMENTO BIRINDIBA;ESTAÇÃO FERROVIÁRIA DO ITIRAPUAN;70;AUGUSTO JORGE CURY;2,80E+11;433;284;267;18
47635.0;LAVRAS;160.0;1244.0;E, M, PROFESSOR ÉDIO DO NASCIMENTO BIRINDIBA;ESTAÇÃO FERROVIÁRIA DO ITIRAPUAN;95;VOTO BRANCO;-1;433;284;267;7
47635.0;LAVRAS;160.0;1244.0;E, M, PROFESSOR ÉDIO DO NASCIMENTO BIRINDIBA;ESTAÇÃO FERROVIÁRIA DO ITIRAPUAN;96;VOTO NULO;-1;433;284;267;10
47635.0;LAVRAS;160.0;1260.0;ESCOLA ESTADUAL TIRADENTES;RUA COMANDANTE NÉLIO, N, 07;13;LUIZ INÁCIO LULA DA SILVA;2,80E+11;1564;1220;1160;435
47635.0;LAVRAS;160.0;1260.0;ESCOLA ESTADUAL TIRADENTES;RUA COMANDANTE NÉLIO, N, 07;14;RENAN ANTONIO FERREIRA DOS SANTOS;2,80E+11;1564;1220;1160;42
47635.0;LAVRAS;160.0;1260.0;ESCOLA ESTADUAL TIRADENTES;RUA COMANDANTE NÉLIO, N, 07;16;HERTZ DA CONCEICAO DIAS;2,80E+11;781;603;574;2
47635.0;LAVRAS;160.0;1260.0;ESCOLA ESTADUAL TIRADENTES;RUA COMANDANTE NÉLIO, N, 07;22;FLAVIO NANTES BOLSONARO;2,80E+11;1564;1220;1160;617
47635.0;LAVRAS;160.0;1260.0;ESCOLA ESTADUAL TIRADENTES;RUA COMANDANTE NÉLIO, N, 07;30;ROMEU ZEMA NETO;2,80E+11;778;622;588;4
47635.0;LAVRAS;160.0;1260.0;ESCOLA ESTADUAL TIRADENTES;RUA COMANDANTE NÉLIO, N, 07;55;RONALDO RAMOS CAIADO;2,80E+11;1564;1220;1160;14
47635.0;LAVRAS;160.0;1260.0;ESCOLA ESTADUAL TIRADENTES;RUA COMANDANTE NÉLIO, N, 07;70;AUGUSTO JORGE CURY;2,80E+11;1564;1220;1160;43
47635.0;LAVRAS;160.0;1260.0;ESCOLA ESTADUAL TIRADENTES;RUA COMANDANTE NÉLIO, N, 07;80;SAMARA MARTINS DA SILVA FEITOSA;2,80E+11;786;598;572;3
47635.0;LAVRAS;160.0;1260.0;ESCOLA ESTADUAL TIRADENTES;RUA COMANDANTE NÉLIO, N, 07;95;VOTO BRANCO;-1;1564;1220;1160;28
47635.0;LAVRAS;160.0;1260.0;ESCOLA ESTADUAL TIRADENTES;RUA COMANDANTE NÉLIO, N, 07;96;VOTO NULO;-1;1564;1220;1160;32
